{"cameraMode":{"drawMode":0,"name":"Shaded","section":"Shading Mode"},"sceneLighting":true,"audioPlay":false,"sceneViewState":{"m_AlwaysRefresh":false,"showFog":true,"showSkybox":true,"showFlares":true,"showImageEffects":true,"showParticleSystems":true,"showVisualEffectGraphs":true,"m_FxEnabled":true},"in2DMode":false,"pivot":{"x":-38.67563247680664,"y":16.210844039916993,"z":-140.81265258789063},"rotation":{"x":-0.048428457230329517,"y":0.22395211458206178,"z":0.0065868622623384,"w":0.9734137654304504},"size":1.3080594539642335,"orthographic":false}